---
layout: null
---
<?xml version="1.0" encoding="UTF-8"?>
<rss version="2.0" xmlns:atom="http://www.w3.org/2005/Atom">
  <channel>
    <title>{{ site.title }}</title>
    <link>{{ site.url }}</link>
    <description>{{ site.description }}</description>
    <lastBuildDate>{{ site.time | date_to_rfc822 }}</lastBuildDate>
    <atom:link href="{{ "feed.xml" | prepend: site.baseurl | prepend: site.url }}" rel="self" type="application/rss+xml"/>

    {% for post in site.posts %}
      <item>
        <title>{{ post.title | xml_escape }}</title>
        <description>{{ post.content | xml_escape }}</description>
        <pubDate>{{ post.date | date_to_rfc822 }}</pubDate>
        <link>{{ post.url | prepend: site.baseurl | prepend: site.url }}</link>
        <guid isPermaLink="true">{{ post.url | prepend: site.baseurl | prepend: site.url }}</guid>
      </item>
    {% endfor %}

    {% for page in site.pages %}
      {% if page.layout == 'page' %}
        {% if page.name != '404.md' %}
          <item>
            <title>{{ page.title | xml_escape }}</title>
            <description>{{ page.content | xml_escape }}</description>
            <link>{{ page.url | prepend: site.baseurl | prepend: site.url }}</link>
          </item>
        {% endif %}
      {% endif %}
    {% endfor %}

  </channel>
</rss>
